Afternoon Teatime	Aciddrop/Gallery#"Afternoon_Teatime"
Astgenne the Lightchaser's Token	Operator_Token/6-star#Astgenne_the_Lightchaser
Bitter Herbs	Myrrh/Gallery#Bitter_Herbs
Casual Vacation HD31	Warfarin/Gallery#Casual_Vacation_HD31
Charm of the Tiles	Kestrel/Gallery#Charm_of_The_Tiles
Cheerful Guardian	Cardigan/Gallery#Cheerful_Guardian
Clivia	Jessica/Gallery#Clivia
Dreadnaught	Beagle/Gallery#Dreadnaught
Eggcellent Craftsman	Greyy/Gallery#Eggcellent_Craftsman
Fantastic Crafts	Astesia/Gallery#Fantastic_Crafts
Fresh Fastener	Amiya/Gallery#Fresh_Fastener
Letters from Wessex	Melantha/Gallery#Letters_from_Wessex
Light and Shadow	Nightmare/Gallery#Light_and_Shadow
Queen No. 1	Bagpipe/Gallery#Queen_No._1
Rest Between Sets	Broca/Gallery#Rest_Between_Sets
Sankta Miksaparato's Token	Operator_Token/6-star#Sankta_Miksaparato
Shoal Beat	Blue_Poison/Gallery#Shoal_Beat
Species Plantarum	Perfumer/Gallery#Species_Plantarum
Tremble Cold	Whisperain/Gallery#Tremble_Cold