Afternoon Teatime	Aciddrop_Skin_1
Bitter Herbs	Myrrh_Skin_1
Casual Vacation HD31	Warfarin_Skin_2
Cheerful Guardian	Cardigan_Skin_1
Clivia	Jessica_Skin_3
Dreadnaught	Beagle_Skin_1
Eggcellent Craftsman	Greyy_Skin_1
Erato	Erato_icon
Fantastic Crafts	Astesia_Skin_3
Fresh Fastener	Amiya_Skin_2
Letters from Wessex	Melantha_Skin_1
Light and Shadow	Nightmare_Skin_1
Queen No. 1	Bagpipe_Skin_1
Rest Between Sets	Broca_Skin_1
Shoal Beat	Blue_Poison_Skin_1
Skill Summary - 2	Skill_Summary_Volume_2
Skill Summary - 3	Skill_Summary_Volume_3
Species Plantarum	Perfumer_Skin_1
Tremble Cold	Whisperain_Skin_1
Professional	Spot_Skin_1
Sing a Song	Pinecone_Skin_1